{
  "version": 2,
  "buildCommand": "npm run build",
  "outputDirectory": "dist",
  "framework": "vite",
  "installCommand": "npm install",
  "devCommand": "npm run dev",
  "git": {
    "deploymentEnabled": {
      "main": true,
      "master": true
    }
  },
  "github": {
    "enabled": true,
    "autoAlias": true,
    "silent": false,
    "autoJobCancelation": true
  },
  "rewrites": [
    {
      "source": "/(.*)",
      "destination": "/index.html"
    }
  ],
  "headers": [
    {
      "source": "/assets/(.*)",
      "headers": [
        {
          "key": "Cache-Control",
          "value": "public, max-age=31536000, immutable"
        }
      ]
    }
  ]
}
