[
  {
    "name": "visa",
    "filename": "visa.png",
    "displayName": "Visa"
  },
  {
    "name": "mastercard",
    "filename": "mastercard.png",
    "displayName": "Mastercard"
  },
  {
    "name": "elo",
    "filename": "elo.png",
    "displayName": "Elo"
  },
  {
    "name": "american-express",
    "filename": "american-express.png",
    "displayName": "American Express"
  },
  {
    "name": "diners",
    "filename": "diners.png",
    "displayName": "Diners"
  },
  {
    "name": "hipercard",
    "filename": "hipercard.png",
    "displayName": "Hipercard"
  },
  {
    "name": "discover",
    "filename": "discover.png",
    "displayName": "Discover"
  },
  {
    "name": "jcb",
    "filename": "jcb.png",
    "displayName": "Jcb"
  },
  {
    "name": "aura",
    "filename": "aura.png",
    "displayName": "Aura"
  }
]