[
  {
    "name": "Thumbnail",
    "filename": "thumbnail.png",
    "type": "FRAME"
  },
  {
    "name": "Group 4",
    "filename": "group-4.png",
    "type": "GROUP"
  },
  {
    "name": "Desktop 6",
    "filename": "desktop-6.png",
    "type": "FRAME"
  },
  {
    "name": "Flag Pack",
    "filename": "flag-pack.png",
    "type": "FRAME"
  },
  {
    "name": "Group",
    "filename": "group.png",
    "type": "GROUP"
  },
  {
    "name": "Frame 10812",
    "filename": "frame-10812.png",
    "type": "FRAME"
  },
  {
    "name": "Banco_do_Brasil",
    "filename": "banco-do-brasil.png",
    "type": "INSTANCE"
  },
  {
    "name": "layer1",
    "filename": "layer1.png",
    "type": "GROUP"
  },
  {
    "name": "g21587",
    "filename": "g21587.png",
    "type": "GROUP"
  },
  {
    "name": "Caixa_Econômica_Federal ",
    "filename": "caixa-econ-mica-federal.png",
    "type": "INSTANCE"
  },
  {
    "name": "Inter",
    "filename": "inter.png",
    "type": "INSTANCE"
  },
  {
    "name": "Santander_Brasil",
    "filename": "santander-brasil.png",
    "type": "INSTANCE"
  },
  {
    "name": "g8",
    "filename": "g8.png",
    "type": "GROUP"
  },
  {
    "name": "PicPay",
    "filename": "picpay.png",
    "type": "INSTANCE"
  },
  {
    "name": "Clip path group",
    "filename": "clip-path-group.png",
    "type": "GROUP"
  },
  {
    "name": "clip0_1667_5400",
    "filename": "clip0-1667-5400.png",
    "type": "GROUP"
  },
  {
    "name": "Banco_BV",
    "filename": "banco-bv.png",
    "type": "FRAME"
  },
  {
    "name": "Brand 1",
    "filename": "brand-1.png",
    "type": "FRAME"
  },
  {
    "name": "Frame 10813",
    "filename": "frame-10813.png",
    "type": "FRAME"
  },
  {
    "name": "Banco_Safra",
    "filename": "banco-safra.png",
    "type": "INSTANCE"
  },
  {
    "name": "Desk",
    "filename": "desk.png",
    "type": "GROUP"
  },
  {
    "name": "Home-Safra",
    "filename": "home-safra.png",
    "type": "GROUP"
  },
  {
    "name": "01.HEADER",
    "filename": "01-header.png",
    "type": "GROUP"
  },
  {
    "name": "HEADER",
    "filename": "header.png",
    "type": "GROUP"
  },
  {
    "name": "LOGO",
    "filename": "logo.png",
    "type": "GROUP"
  },
  {
    "name": "BTG_Pactual",
    "filename": "btg-pactual.png",
    "type": "INSTANCE"
  },
  {
    "name": "Itaú_Unibanco",
    "filename": "ita-unibanco.png",
    "type": "INSTANCE"
  },
  {
    "name": "Banco_do_Estado_do_Rio_Grande_do_Sul_(Banrisul)",
    "filename": "banco-do-estado-do-rio-grande-do-sul-banrisul.png",
    "type": "INSTANCE"
  },
  {
    "name": "SVGID_2_",
    "filename": "svgid-2.png",
    "type": "GROUP"
  },
  {
    "name": "Genial",
    "filename": "genial.png",
    "type": "INSTANCE"
  },
  {
    "name": "Group 10807",
    "filename": "group-10807.png",
    "type": "GROUP"
  },
  {
    "name": "Frame 10814",
    "filename": "frame-10814.png",
    "type": "FRAME"
  },
  {
    "name": "Nubank",
    "filename": "nubank.png",
    "type": "INSTANCE"
  },
  {
    "name": "Mercado_Pago",
    "filename": "mercado-pago.png",
    "type": "INSTANCE"
  },
  {
    "name": "Group 10772",
    "filename": "group-10772.png",
    "type": "GROUP"
  },
  {
    "name": "Iti",
    "filename": "iti.png",
    "type": "INSTANCE"
  },
  {
    "name": "Group 10810",
    "filename": "group-10810.png",
    "type": "GROUP"
  },
  {
    "name": "Mask group",
    "filename": "mask-group.png",
    "type": "GROUP"
  },
  {
    "name": "Banco_de_Brasília_(BRB)",
    "filename": "banco-de-bras-lia-brb.png",
    "type": "FRAME"
  },
  {
    "name": "Group 10782",
    "filename": "group-10782.png",
    "type": "GROUP"
  },
  {
    "name": "banco-brb-1 1",
    "filename": "banco-brb-1-1.png",
    "type": "FRAME"
  },
  {
    "name": "Frame 10815",
    "filename": "frame-10815.png",
    "type": "FRAME"
  },
  {
    "name": "AgiBank",
    "filename": "agibank.png",
    "type": "INSTANCE"
  },
  {
    "name": "Banco_Daycoval",
    "filename": "banco-daycoval.png",
    "type": "INSTANCE"
  },
  {
    "name": "PagBank",
    "filename": "pagbank.png",
    "type": "FRAME"
  },
  {
    "name": "pagbank-logo 1",
    "filename": "pagbank-logo-1.png",
    "type": "FRAME"
  },
  {
    "name": "C6_Bank",
    "filename": "c6-bank.png",
    "type": "FRAME"
  },
  {
    "name": "Group 10819",
    "filename": "group-10819.png",
    "type": "GROUP"
  },
  {
    "name": "Banco_Original",
    "filename": "banco-original.png",
    "type": "FRAME"
  },
  {
    "name": "Frame 10816",
    "filename": "frame-10816.png",
    "type": "FRAME"
  },
  {
    "name": "ParanáBanco",
    "filename": "paran-banco.png",
    "type": "INSTANCE"
  },
  {
    "name": "Stone",
    "filename": "stone.png",
    "type": "INSTANCE"
  },
  {
    "name": "Group 10794",
    "filename": "group-10794.png",
    "type": "GROUP"
  },
  {
    "name": "Banco_do_Nordeste_(BNB)",
    "filename": "banco-do-nordeste-bnb.png",
    "type": "INSTANCE"
  },
  {
    "name": "Group 10780",
    "filename": "group-10780.png",
    "type": "GROUP"
  },
  {
    "name": "Banco_BMG",
    "filename": "banco-bmg.png",
    "type": "INSTANCE"
  },
  {
    "name": "Group 10805",
    "filename": "group-10805.png",
    "type": "GROUP"
  },
  {
    "name": "Frame 10817",
    "filename": "frame-10817.png",
    "type": "FRAME"
  },
  {
    "name": "Group 10843",
    "filename": "group-10843.png",
    "type": "GROUP"
  },
  {
    "name": "Banco_Mercantil",
    "filename": "banco-mercantil.png",
    "type": "INSTANCE"
  },
  {
    "name": "Group 10791",
    "filename": "group-10791.png",
    "type": "GROUP"
  },
  {
    "name": "Banco_Next",
    "filename": "banco-next.png",
    "type": "FRAME"
  },
  {
    "name": "Group 10798",
    "filename": "group-10798.png",
    "type": "GROUP"
  },
  {
    "name": "SVGRoot",
    "filename": "svgroot.png",
    "type": "FRAME"
  },
  {
    "name": "g372",
    "filename": "g372.png",
    "type": "GROUP"
  },
  {
    "name": "g344",
    "filename": "g344.png",
    "type": "GROUP"
  },
  {
    "name": "Neon",
    "filename": "neon.png",
    "type": "INSTANCE"
  },
  {
    "name": "Frame 10818",
    "filename": "frame-10818.png",
    "type": "FRAME"
  },
  {
    "name": "Banco_PAN",
    "filename": "banco-pan.png",
    "type": "INSTANCE"
  },
  {
    "name": "Group 10789",
    "filename": "group-10789.png",
    "type": "GROUP"
  },
  {
    "name": "Mega-menu",
    "filename": "mega-menu.png",
    "type": "GROUP"
  },
  {
    "name": "Menu",
    "filename": "menu.png",
    "type": "GROUP"
  },
  {
    "name": "Banco-PAN---616161-e-azul",
    "filename": "banco-pan-616161-e-azul.png",
    "type": "GROUP"
  },
  {
    "name": "Efí_Bank",
    "filename": "ef-bank.png",
    "type": "FRAME"
  },
  {
    "name": "Sistema_de_Cooperativas_de_Crédito_do_Brasil_(SICOOB)",
    "filename": "sistema-de-cooperativas-de-cr-dito-do-brasil-sicoob.png",
    "type": "INSTANCE"
  },
  {
    "name": "Group 10773",
    "filename": "group-10773.png",
    "type": "GROUP"
  },
  {
    "name": "Sistema_de_Crédito_Cooperativo_(SICREDI)",
    "filename": "sistema-de-cr-dito-cooperativo-sicredi.png",
    "type": "INSTANCE"
  },
  {
    "name": "Group 10775",
    "filename": "group-10775.png",
    "type": "GROUP"
  },
  {
    "name": "🟢 Federal Public Banks / Bancos Públicos Federais",
    "filename": "federal-public-banks-bancos-p-blicos-federais.png",
    "type": "FRAME"
  },
  {
    "name": "Content",
    "filename": "content.png",
    "type": "FRAME"
  },
  {
    "name": "Logo and page title",
    "filename": "logo-and-page-title.png",
    "type": "FRAME"
  },
  {
    "name": "Section title and page title",
    "filename": "section-title-and-page-title.png",
    "type": "FRAME"
  },
  {
    "name": "Heading and resources",
    "filename": "heading-and-resources.png",
    "type": "FRAME"
  },
  {
    "name": "Heading and supporting text",
    "filename": "heading-and-supporting-text.png",
    "type": "FRAME"
  },
  {
    "name": "Bancos Públicos Federais",
    "filename": "bancos-p-blicos-federais.png",
    "type": "FRAME"
  },
  {
    "name": "g2995",
    "filename": "g2995.png",
    "type": "GROUP"
  },
  {
    "name": "g2997",
    "filename": "g2997.png",
    "type": "GROUP"
  },
  {
    "name": "Banco_Nacional_de_Desenvolvimento_Econômico_e_Social_(BNDES)",
    "filename": "banco-nacional-de-desenvolvimento-econ-mico-e-social-bndes.png",
    "type": "GROUP"
  },
  {
    "name": "🟢 Rewards Program / Programa de Fidelidade",
    "filename": "rewards-program-programa-de-fidelidade.png",
    "type": "FRAME"
  },
  {
    "name": "Group 10796",
    "filename": "group-10796.png",
    "type": "GROUP"
  },
  {
    "name": "Group 10850",
    "filename": "group-10850.png",
    "type": "GROUP"
  },
  {
    "name": "livelo-new-logo 1",
    "filename": "livelo-new-logo-1.png",
    "type": "FRAME"
  },
  {
    "name": "Group 10853",
    "filename": "group-10853.png",
    "type": "GROUP"
  },
  {
    "name": "Frame",
    "filename": "frame.png",
    "type": "FRAME"
  },
  {
    "name": "Group 10856",
    "filename": "group-10856.png",
    "type": "GROUP"
  },
  {
    "name": "Group 10855",
    "filename": "group-10855.png",
    "type": "GROUP"
  },
  {
    "name": "Group 10854",
    "filename": "group-10854.png",
    "type": "GROUP"
  },
  {
    "name": "Group 10858",
    "filename": "group-10858.png",
    "type": "GROUP"
  },
  {
    "name": "Group 10857",
    "filename": "group-10857.png",
    "type": "GROUP"
  },
  {
    "name": "Group 10859",
    "filename": "group-10859.png",
    "type": "GROUP"
  },
  {
    "name": "Group 10861",
    "filename": "group-10861.png",
    "type": "GROUP"
  },
  {
    "name": "Group 10860",
    "filename": "group-10860.png",
    "type": "GROUP"
  },
  {
    "name": "Group 10862",
    "filename": "group-10862.png",
    "type": "GROUP"
  },
  {
    "name": "🟢 Card Machines / Máquina de Cartões",
    "filename": "card-machines-m-quina-de-cart-es.png",
    "type": "FRAME"
  },
  {
    "name": "Group 10876",
    "filename": "group-10876.png",
    "type": "GROUP"
  },
  {
    "name": "Group 10870",
    "filename": "group-10870.png",
    "type": "GROUP"
  },
  {
    "name": "Group 10879",
    "filename": "group-10879.png",
    "type": "GROUP"
  },
  {
    "name": "Group 10877",
    "filename": "group-10877.png",
    "type": "GROUP"
  },
  {
    "name": "Group 10878",
    "filename": "group-10878.png",
    "type": "GROUP"
  },
  {
    "name": "Group 10874",
    "filename": "group-10874.png",
    "type": "GROUP"
  },
  {
    "name": "Group 10872",
    "filename": "group-10872.png",
    "type": "GROUP"
  },
  {
    "name": "Group 10880",
    "filename": "group-10880.png",
    "type": "GROUP"
  },
  {
    "name": "Group 10881",
    "filename": "group-10881.png",
    "type": "GROUP"
  },
  {
    "name": "Group 10988",
    "filename": "group-10988.png",
    "type": "GROUP"
  },
  {
    "name": "🟢 Toll Tags / Tags de Pedágio",
    "filename": "toll-tags-tags-de-ped-gio.png",
    "type": "FRAME"
  },
  {
    "name": "Group 12",
    "filename": "group-12.png",
    "type": "GROUP"
  },
  {
    "name": "Group 11",
    "filename": "group-11.png",
    "type": "GROUP"
  },
  {
    "name": "Group 7",
    "filename": "group-7.png",
    "type": "GROUP"
  },
  {
    "name": "g38",
    "filename": "g38.png",
    "type": "GROUP"
  },
  {
    "name": "g50",
    "filename": "g50.png",
    "type": "GROUP"
  },
  {
    "name": "g54",
    "filename": "g54.png",
    "type": "GROUP"
  },
  {
    "name": "g58",
    "filename": "g58.png",
    "type": "GROUP"
  },
  {
    "name": "g62",
    "filename": "g62.png",
    "type": "GROUP"
  },
  {
    "name": "g66",
    "filename": "g66.png",
    "type": "GROUP"
  },
  {
    "name": "g70",
    "filename": "g70.png",
    "type": "GROUP"
  },
  {
    "name": "g74",
    "filename": "g74.png",
    "type": "GROUP"
  },
  {
    "name": "g78",
    "filename": "g78.png",
    "type": "GROUP"
  },
  {
    "name": "Page-1",
    "filename": "page-1.png",
    "type": "GROUP"
  },
  {
    "name": "logo_veloe_blue_dark",
    "filename": "logo-veloe-blue-dark.png",
    "type": "GROUP"
  },
  {
    "name": "Group 10883",
    "filename": "group-10883.png",
    "type": "GROUP"
  },
  {
    "name": "Group 10882",
    "filename": "group-10882.png",
    "type": "GROUP"
  },
  {
    "name": "Group 9",
    "filename": "group-9.png",
    "type": "GROUP"
  },
  {
    "name": "g100",
    "filename": "g100.png",
    "type": "GROUP"
  },
  {
    "name": "g104",
    "filename": "g104.png",
    "type": "GROUP"
  },
  {
    "name": "g108",
    "filename": "g108.png",
    "type": "GROUP"
  },
  {
    "name": "g112",
    "filename": "g112.png",
    "type": "GROUP"
  },
  {
    "name": "g116",
    "filename": "g116.png",
    "type": "GROUP"
  },
  {
    "name": "g120",
    "filename": "g120.png",
    "type": "GROUP"
  },
  {
    "name": "g124",
    "filename": "g124.png",
    "type": "GROUP"
  },
  {
    "name": "g128",
    "filename": "g128.png",
    "type": "GROUP"
  },
  {
    "name": "g132",
    "filename": "g132.png",
    "type": "GROUP"
  },
  {
    "name": "g136",
    "filename": "g136.png",
    "type": "GROUP"
  },
  {
    "name": "g140",
    "filename": "g140.png",
    "type": "GROUP"
  },
  {
    "name": "g144",
    "filename": "g144.png",
    "type": "GROUP"
  },
  {
    "name": "g148",
    "filename": "g148.png",
    "type": "GROUP"
  },
  {
    "name": "Group 10884",
    "filename": "group-10884.png",
    "type": "GROUP"
  },
  {
    "name": "🟢 Regulatory Organizations / Organizações Regulatórias",
    "filename": "regulatory-organizations-organiza-es-regulat-rias.png",
    "type": "FRAME"
  },
  {
    "name": "Group 10848",
    "filename": "group-10848.png",
    "type": "GROUP"
  },
  {
    "name": "Group 10847",
    "filename": "group-10847.png",
    "type": "GROUP"
  },
  {
    "name": "Group 10844",
    "filename": "group-10844.png",
    "type": "GROUP"
  },
  {
    "name": "Group 10937",
    "filename": "group-10937.png",
    "type": "GROUP"
  },
  {
    "name": "g34",
    "filename": "g34.png",
    "type": "GROUP"
  },
  {
    "name": "g42",
    "filename": "g42.png",
    "type": "GROUP"
  },
  {
    "name": "g46",
    "filename": "g46.png",
    "type": "GROUP"
  },
  {
    "name": "g52",
    "filename": "g52.png",
    "type": "GROUP"
  },
  {
    "name": "g82",
    "filename": "g82.png",
    "type": "GROUP"
  },
  {
    "name": "g86",
    "filename": "g86.png",
    "type": "GROUP"
  },
  {
    "name": "g90",
    "filename": "g90.png",
    "type": "GROUP"
  },
  {
    "name": "g94",
    "filename": "g94.png",
    "type": "GROUP"
  },
  {
    "name": "g98",
    "filename": "g98.png",
    "type": "GROUP"
  },
  {
    "name": "g110",
    "filename": "g110.png",
    "type": "GROUP"
  },
  {
    "name": "g114",
    "filename": "g114.png",
    "type": "GROUP"
  },
  {
    "name": "g126",
    "filename": "g126.png",
    "type": "GROUP"
  },
  {
    "name": "g130",
    "filename": "g130.png",
    "type": "GROUP"
  },
  {
    "name": "g134",
    "filename": "g134.png",
    "type": "GROUP"
  },
  {
    "name": "g146",
    "filename": "g146.png",
    "type": "GROUP"
  },
  {
    "name": "g152",
    "filename": "g152.png",
    "type": "GROUP"
  },
  {
    "name": "Group 10938",
    "filename": "group-10938.png",
    "type": "GROUP"
  },
  {
    "name": "Group 10845",
    "filename": "group-10845.png",
    "type": "GROUP"
  },
  {
    "name": "clip1",
    "filename": "clip1.png",
    "type": "GROUP"
  },
  {
    "name": "glyph0-1",
    "filename": "glyph0-1.png",
    "type": "GROUP"
  },
  {
    "name": "glyph0-2",
    "filename": "glyph0-2.png",
    "type": "GROUP"
  },
  {
    "name": "glyph0-3",
    "filename": "glyph0-3.png",
    "type": "GROUP"
  },
  {
    "name": "glyph0-4",
    "filename": "glyph0-4.png",
    "type": "GROUP"
  },
  {
    "name": "glyph0-5",
    "filename": "glyph0-5.png",
    "type": "GROUP"
  },
  {
    "name": "glyph0-6",
    "filename": "glyph0-6.png",
    "type": "GROUP"
  },
  {
    "name": "glyph0-7",
    "filename": "glyph0-7.png",
    "type": "GROUP"
  },
  {
    "name": "glyph0-8",
    "filename": "glyph0-8.png",
    "type": "GROUP"
  },
  {
    "name": "glyph0-9",
    "filename": "glyph0-9.png",
    "type": "GROUP"
  },
  {
    "name": "glyph0-10",
    "filename": "glyph0-10.png",
    "type": "GROUP"
  },
  {
    "name": "glyph0-11",
    "filename": "glyph0-11.png",
    "type": "GROUP"
  },
  {
    "name": "glyph0-12",
    "filename": "glyph0-12.png",
    "type": "GROUP"
  },
  {
    "name": "glyph0-14",
    "filename": "glyph0-14.png",
    "type": "GROUP"
  },
  {
    "name": "glyph0-15",
    "filename": "glyph0-15.png",
    "type": "GROUP"
  },
  {
    "name": "glyph0-16",
    "filename": "glyph0-16.png",
    "type": "GROUP"
  },
  {
    "name": "glyph0-17",
    "filename": "glyph0-17.png",
    "type": "GROUP"
  },
  {
    "name": "glyph0-18",
    "filename": "glyph0-18.png",
    "type": "GROUP"
  },
  {
    "name": "Group 10849",
    "filename": "group-10849.png",
    "type": "GROUP"
  },
  {
    "name": "Group 10835",
    "filename": "group-10835.png",
    "type": "GROUP"
  },
  {
    "name": "Group 11040",
    "filename": "group-11040.png",
    "type": "GROUP"
  },
  {
    "name": "Group 11041",
    "filename": "group-11041.png",
    "type": "GROUP"
  },
  {
    "name": "Icon_Logo_Acrefi_Completo",
    "filename": "icon-logo-acrefi-completo.png",
    "type": "FRAME"
  },
  {
    "name": "Group 11042",
    "filename": "group-11042.png",
    "type": "GROUP"
  },
  {
    "name": "🟢 Card Operators / Operadoras de Cartões ",
    "filename": "card-operators-operadoras-de-cart-es.png",
    "type": "FRAME"
  },
  {
    "name": "Camada_x0020_1",
    "filename": "camada-x0020-1.png",
    "type": "GROUP"
  },
  {
    "name": "_1990512660624",
    "filename": "1990512660624.png",
    "type": "GROUP"
  },
  {
    "name": "Group 10890",
    "filename": "group-10890.png",
    "type": "GROUP"
  },
  {
    "name": "🟢 Savings and Loan Association / Associação de Poupança e Empréstimo",
    "filename": "savings-and-loan-association-associa-o-de-poupan-a-e-empr-stimo.png",
    "type": "FRAME"
  },
  {
    "name": "Group 10891",
    "filename": "group-10891.png",
    "type": "GROUP"
  },
  {
    "name": "Group 10936",
    "filename": "group-10936.png",
    "type": "GROUP"
  },
  {
    "name": "Group 10892",
    "filename": "group-10892.png",
    "type": "GROUP"
  },
  {
    "name": "🟢 Database Manager / Gestor de banco de dados",
    "filename": "database-manager-gestor-de-banco-de-dados.png",
    "type": "FRAME"
  },
  {
    "name": "g130-7",
    "filename": "g130-7.png",
    "type": "GROUP"
  },
  {
    "name": "Artwork",
    "filename": "artwork.png",
    "type": "GROUP"
  },
  {
    "name": "Layer_2",
    "filename": "layer-2.png",
    "type": "FRAME"
  },
  {
    "name": "🟢 Credit, Financing and Investment Society / Sociedade de Crédito, Financiamento e Investimento",
    "filename": "credit-financing-and-investment-society-sociedade-de-cr-dito-financiamento-e-investimento.png",
    "type": "FRAME"
  },
  {
    "name": "Group 10943",
    "filename": "group-10943.png",
    "type": "GROUP"
  },
  {
    "name": "g198-3",
    "filename": "g198-3.png",
    "type": "GROUP"
  },
  {
    "name": "g208-5",
    "filename": "g208-5.png",
    "type": "GROUP"
  },
  {
    "name": "g212-2",
    "filename": "g212-2.png",
    "type": "GROUP"
  },
  {
    "name": "g216-0",
    "filename": "g216-0.png",
    "type": "GROUP"
  },
  {
    "name": "g220-19",
    "filename": "g220-19.png",
    "type": "GROUP"
  },
  {
    "name": "g224-9",
    "filename": "g224-9.png",
    "type": "GROUP"
  },
  {
    "name": "g228-55",
    "filename": "g228-55.png",
    "type": "GROUP"
  },
  {
    "name": "g234-1",
    "filename": "g234-1.png",
    "type": "GROUP"
  },
  {
    "name": "g240-9",
    "filename": "g240-9.png",
    "type": "GROUP"
  },
  {
    "name": "g252-7",
    "filename": "g252-7.png",
    "type": "GROUP"
  },
  {
    "name": "g256-6",
    "filename": "g256-6.png",
    "type": "GROUP"
  },
  {
    "name": "g260-5",
    "filename": "g260-5.png",
    "type": "GROUP"
  },
  {
    "name": "g264-36",
    "filename": "g264-36.png",
    "type": "GROUP"
  },
  {
    "name": "g268-35",
    "filename": "g268-35.png",
    "type": "GROUP"
  },
  {
    "name": "g272-9",
    "filename": "g272-9.png",
    "type": "GROUP"
  },
  {
    "name": "g276-8",
    "filename": "g276-8.png",
    "type": "GROUP"
  },
  {
    "name": "Group 11035",
    "filename": "group-11035.png",
    "type": "GROUP"
  },
  {
    "name": "idjIx77xKm_logos 1",
    "filename": "idjix77xkm-logos-1.png",
    "type": "FRAME"
  },
  {
    "name": "Group 11036",
    "filename": "group-11036.png",
    "type": "GROUP"
  },
  {
    "name": "Group 11037",
    "filename": "group-11037.png",
    "type": "GROUP"
  },
  {
    "name": "Group 11038",
    "filename": "group-11038.png",
    "type": "GROUP"
  },
  {
    "name": "Group 11039",
    "filename": "group-11039.png",
    "type": "GROUP"
  },
  {
    "name": "Group 11044",
    "filename": "group-11044.png",
    "type": "GROUP"
  },
  {
    "name": "Camada_1",
    "filename": "camada-1.png",
    "type": "FRAME"
  },
  {
    "name": "Grupo 331",
    "filename": "grupo-331.png",
    "type": "GROUP"
  },
  {
    "name": "Grupo 329",
    "filename": "grupo-329.png",
    "type": "GROUP"
  },
  {
    "name": "Grupo 330",
    "filename": "grupo-330.png",
    "type": "GROUP"
  },
  {
    "name": "Group 11045",
    "filename": "group-11045.png",
    "type": "GROUP"
  },
  {
    "name": "Z0SPBa8jQArT1Ryy_logo-footer 1",
    "filename": "z0spba8jqart1ryy-logo-footer-1.png",
    "type": "FRAME"
  },
  {
    "name": "Group 11046",
    "filename": "group-11046.png",
    "type": "GROUP"
  },
  {
    "name": "Group 11047",
    "filename": "group-11047.png",
    "type": "GROUP"
  },
  {
    "name": "Layer_1",
    "filename": "layer-1.png",
    "type": "GROUP"
  },
  {
    "name": "Group 11048",
    "filename": "group-11048.png",
    "type": "GROUP"
  },
  {
    "name": "clip0_3548_924",
    "filename": "clip0-3548-924.png",
    "type": "GROUP"
  },
  {
    "name": "clip1_3548_924",
    "filename": "clip1-3548-924.png",
    "type": "GROUP"
  },
  {
    "name": "Group 11049",
    "filename": "group-11049.png",
    "type": "GROUP"
  },
  {
    "name": "Group 11043",
    "filename": "group-11043.png",
    "type": "GROUP"
  },
  {
    "name": "Group 11050",
    "filename": "group-11050.png",
    "type": "GROUP"
  },
  {
    "name": "Group 11051",
    "filename": "group-11051.png",
    "type": "GROUP"
  },
  {
    "name": "Group 11052",
    "filename": "group-11052.png",
    "type": "GROUP"
  },
  {
    "name": "Group 11054",
    "filename": "group-11054.png",
    "type": "GROUP"
  },
  {
    "name": "Group 11053",
    "filename": "group-11053.png",
    "type": "GROUP"
  },
  {
    "name": "Group 11055",
    "filename": "group-11055.png",
    "type": "GROUP"
  },
  {
    "name": "Group 11056",
    "filename": "group-11056.png",
    "type": "GROUP"
  },
  {
    "name": "LP---Financeira-telas-02",
    "filename": "lp-financeira-telas-02.png",
    "type": "GROUP"
  },
  {
    "name": "01-LP-home---ok",
    "filename": "01-lp-home-ok.png",
    "type": "GROUP"
  },
  {
    "name": "Atoms-Cross/Logos/Segments/Preferential/Santander-Financiamentos-Preferential",
    "filename": "atoms-cross-logos-segments-preferential-santander-financiamentos-preferential.png",
    "type": "GROUP"
  },
  {
    "name": "Group 11058",
    "filename": "group-11058.png",
    "type": "GROUP"
  },
  {
    "name": "Group 11057",
    "filename": "group-11057.png",
    "type": "GROUP"
  },
  {
    "name": "🟢 Payment Institution / Instituição de Pagamento",
    "filename": "payment-institution-institui-o-de-pagamento.png",
    "type": "FRAME"
  },
  {
    "name": "Frame 4",
    "filename": "frame-4.png",
    "type": "FRAME"
  },
  {
    "name": "Group 10941",
    "filename": "group-10941.png",
    "type": "GROUP"
  },
  {
    "name": "Group 10885",
    "filename": "group-10885.png",
    "type": "GROUP"
  },
  {
    "name": "Group 10942",
    "filename": "group-10942.png",
    "type": "GROUP"
  },
  {
    "name": "Group 10944",
    "filename": "group-10944.png",
    "type": "GROUP"
  },
  {
    "name": "clip0_18626_2800",
    "filename": "clip0-18626-2800.png",
    "type": "GROUP"
  },
  {
    "name": "Group 10945",
    "filename": "group-10945.png",
    "type": "GROUP"
  },
  {
    "name": "Camada 2",
    "filename": "camada-2.png",
    "type": "GROUP"
  },
  {
    "name": "Group 10949",
    "filename": "group-10949.png",
    "type": "GROUP"
  },
  {
    "name": "Group 10947",
    "filename": "group-10947.png",
    "type": "GROUP"
  },
  {
    "name": "Group 10948",
    "filename": "group-10948.png",
    "type": "GROUP"
  },
  {
    "name": "Group 10950",
    "filename": "group-10950.png",
    "type": "GROUP"
  },
  {
    "name": "Group 10951",
    "filename": "group-10951.png",
    "type": "GROUP"
  },
  {
    "name": "Group 10952",
    "filename": "group-10952.png",
    "type": "GROUP"
  },
  {
    "name": "Group 10953",
    "filename": "group-10953.png",
    "type": "GROUP"
  },
  {
    "name": "Group 10974",
    "filename": "group-10974.png",
    "type": "GROUP"
  },
  {
    "name": "Group 10954",
    "filename": "group-10954.png",
    "type": "GROUP"
  },
  {
    "name": "Group 10975",
    "filename": "group-10975.png",
    "type": "GROUP"
  },
  {
    "name": "Group 10976",
    "filename": "group-10976.png",
    "type": "GROUP"
  },
  {
    "name": "Group 10955",
    "filename": "group-10955.png",
    "type": "GROUP"
  },
  {
    "name": "Group 10957",
    "filename": "group-10957.png",
    "type": "GROUP"
  },
  {
    "name": "Logo_preto",
    "filename": "logo-preto.png",
    "type": "GROUP"
  },
  {
    "name": "Group_2",
    "filename": "group-2.png",
    "type": "GROUP"
  },
  {
    "name": "Group_1",
    "filename": "group-1.png",
    "type": "GROUP"
  },
  {
    "name": "Group 10956",
    "filename": "group-10956.png",
    "type": "GROUP"
  },
  {
    "name": "a",
    "filename": "a.png",
    "type": "GROUP"
  },
  {
    "name": "Group 10958",
    "filename": "group-10958.png",
    "type": "GROUP"
  },
  {
    "name": "Group 10959",
    "filename": "group-10959.png",
    "type": "GROUP"
  },
  {
    "name": "Group 10960",
    "filename": "group-10960.png",
    "type": "GROUP"
  },
  {
    "name": "Group 10961",
    "filename": "group-10961.png",
    "type": "GROUP"
  },
  {
    "name": "Group 10962",
    "filename": "group-10962.png",
    "type": "GROUP"
  },
  {
    "name": "Group 10963",
    "filename": "group-10963.png",
    "type": "GROUP"
  },
  {
    "name": "Group 10964",
    "filename": "group-10964.png",
    "type": "GROUP"
  },
  {
    "name": "Group 10965",
    "filename": "group-10965.png",
    "type": "GROUP"
  },
  {
    "name": "clip0_132_999",
    "filename": "clip0-132-999.png",
    "type": "GROUP"
  },
  {
    "name": "Group 10966",
    "filename": "group-10966.png",
    "type": "GROUP"
  },
  {
    "name": "Group 10973",
    "filename": "group-10973.png",
    "type": "GROUP"
  },
  {
    "name": "Group 10967",
    "filename": "group-10967.png",
    "type": "GROUP"
  },
  {
    "name": "Group 10968",
    "filename": "group-10968.png",
    "type": "GROUP"
  },
  {
    "name": "Group 10969",
    "filename": "group-10969.png",
    "type": "GROUP"
  },
  {
    "name": "Group 10970",
    "filename": "group-10970.png",
    "type": "GROUP"
  },
  {
    "name": "Group 10971",
    "filename": "group-10971.png",
    "type": "GROUP"
  },
  {
    "name": "Group 11024",
    "filename": "group-11024.png",
    "type": "GROUP"
  },
  {
    "name": "Group 11029",
    "filename": "group-11029.png",
    "type": "GROUP"
  },
  {
    "name": "Group 11028",
    "filename": "group-11028.png",
    "type": "GROUP"
  },
  {
    "name": "Group 11027",
    "filename": "group-11027.png",
    "type": "GROUP"
  },
  {
    "name": "Group 11026",
    "filename": "group-11026.png",
    "type": "GROUP"
  },
  {
    "name": "Group 11034",
    "filename": "group-11034.png",
    "type": "GROUP"
  },
  {
    "name": "Group 11033",
    "filename": "group-11033.png",
    "type": "GROUP"
  },
  {
    "name": "Frame 3",
    "filename": "frame-3.png",
    "type": "FRAME"
  },
  {
    "name": "Group 10972",
    "filename": "group-10972.png",
    "type": "GROUP"
  },
  {
    "name": "Group 10977",
    "filename": "group-10977.png",
    "type": "GROUP"
  },
  {
    "name": "Group 10992",
    "filename": "group-10992.png",
    "type": "GROUP"
  },
  {
    "name": "Group 10993",
    "filename": "group-10993.png",
    "type": "GROUP"
  },
  {
    "name": "Group 10979",
    "filename": "group-10979.png",
    "type": "GROUP"
  },
  {
    "name": "Group 10978",
    "filename": "group-10978.png",
    "type": "GROUP"
  },
  {
    "name": "Group 10996",
    "filename": "group-10996.png",
    "type": "GROUP"
  },
  {
    "name": "Group 10995",
    "filename": "group-10995.png",
    "type": "GROUP"
  },
  {
    "name": "Group 10994",
    "filename": "group-10994.png",
    "type": "GROUP"
  },
  {
    "name": "Group 10997",
    "filename": "group-10997.png",
    "type": "GROUP"
  },
  {
    "name": "Group 10980",
    "filename": "group-10980.png",
    "type": "GROUP"
  },
  {
    "name": "Group 10998",
    "filename": "group-10998.png",
    "type": "GROUP"
  },
  {
    "name": "Group 10981",
    "filename": "group-10981.png",
    "type": "GROUP"
  },
  {
    "name": "Group 10999",
    "filename": "group-10999.png",
    "type": "GROUP"
  },
  {
    "name": "Group 10982",
    "filename": "group-10982.png",
    "type": "GROUP"
  },
  {
    "name": "Layer_x0020_1",
    "filename": "layer-x0020-1.png",
    "type": "GROUP"
  },
  {
    "name": "_1025727456",
    "filename": "1025727456.png",
    "type": "GROUP"
  },
  {
    "name": "Group 11018",
    "filename": "group-11018.png",
    "type": "GROUP"
  },
  {
    "name": "Group 11000",
    "filename": "group-11000.png",
    "type": "GROUP"
  },
  {
    "name": "Group 11002",
    "filename": "group-11002.png",
    "type": "GROUP"
  },
  {
    "name": "Group 11001",
    "filename": "group-11001.png",
    "type": "GROUP"
  },
  {
    "name": "Group 11006",
    "filename": "group-11006.png",
    "type": "GROUP"
  },
  {
    "name": "Group 11005",
    "filename": "group-11005.png",
    "type": "GROUP"
  },
  {
    "name": "Group 11004",
    "filename": "group-11004.png",
    "type": "GROUP"
  },
  {
    "name": "Desktop-HD-Copy-6",
    "filename": "desktop-hd-copy-6.png",
    "type": "GROUP"
  },
  {
    "name": "logo-branco",
    "filename": "logo-branco.png",
    "type": "GROUP"
  },
  {
    "name": "Group 11003",
    "filename": "group-11003.png",
    "type": "GROUP"
  },
  {
    "name": "Group 11008",
    "filename": "group-11008.png",
    "type": "GROUP"
  },
  {
    "name": "Group 11007",
    "filename": "group-11007.png",
    "type": "GROUP"
  },
  {
    "name": "cp72",
    "filename": "cp72.png",
    "type": "GROUP"
  },
  {
    "name": "cp73",
    "filename": "cp73.png",
    "type": "GROUP"
  },
  {
    "name": "cp74",
    "filename": "cp74.png",
    "type": "GROUP"
  },
  {
    "name": "cp75",
    "filename": "cp75.png",
    "type": "GROUP"
  },
  {
    "name": "cp76",
    "filename": "cp76.png",
    "type": "GROUP"
  },
  {
    "name": "cp77",
    "filename": "cp77.png",
    "type": "GROUP"
  },
  {
    "name": "cp78",
    "filename": "cp78.png",
    "type": "GROUP"
  },
  {
    "name": "cp79",
    "filename": "cp79.png",
    "type": "GROUP"
  },
  {
    "name": "cp80",
    "filename": "cp80.png",
    "type": "GROUP"
  },
  {
    "name": "cp82",
    "filename": "cp82.png",
    "type": "GROUP"
  },
  {
    "name": "cp83",
    "filename": "cp83.png",
    "type": "GROUP"
  },
  {
    "name": "cp84",
    "filename": "cp84.png",
    "type": "GROUP"
  },
  {
    "name": "cp85",
    "filename": "cp85.png",
    "type": "GROUP"
  },
  {
    "name": "cp86",
    "filename": "cp86.png",
    "type": "GROUP"
  },
  {
    "name": "cp87",
    "filename": "cp87.png",
    "type": "GROUP"
  },
  {
    "name": "cp88",
    "filename": "cp88.png",
    "type": "GROUP"
  },
  {
    "name": "cp89",
    "filename": "cp89.png",
    "type": "GROUP"
  },
  {
    "name": "cp90",
    "filename": "cp90.png",
    "type": "GROUP"
  },
  {
    "name": "cp91",
    "filename": "cp91.png",
    "type": "GROUP"
  },
  {
    "name": "cp92",
    "filename": "cp92.png",
    "type": "GROUP"
  },
  {
    "name": "cp93",
    "filename": "cp93.png",
    "type": "GROUP"
  },
  {
    "name": "cp94",
    "filename": "cp94.png",
    "type": "GROUP"
  },
  {
    "name": "cp95",
    "filename": "cp95.png",
    "type": "GROUP"
  },
  {
    "name": "cp96",
    "filename": "cp96.png",
    "type": "GROUP"
  },
  {
    "name": "cp97",
    "filename": "cp97.png",
    "type": "GROUP"
  },
  {
    "name": "cp98",
    "filename": "cp98.png",
    "type": "GROUP"
  },
  {
    "name": "cp99",
    "filename": "cp99.png",
    "type": "GROUP"
  },
  {
    "name": "cp100",
    "filename": "cp100.png",
    "type": "GROUP"
  },
  {
    "name": "cp101",
    "filename": "cp101.png",
    "type": "GROUP"
  },
  {
    "name": "cp102",
    "filename": "cp102.png",
    "type": "GROUP"
  },
  {
    "name": "cp103",
    "filename": "cp103.png",
    "type": "GROUP"
  },
  {
    "name": "cp104",
    "filename": "cp104.png",
    "type": "GROUP"
  },
  {
    "name": "cp105",
    "filename": "cp105.png",
    "type": "GROUP"
  },
  {
    "name": "cp106",
    "filename": "cp106.png",
    "type": "GROUP"
  },
  {
    "name": "cp107",
    "filename": "cp107.png",
    "type": "GROUP"
  },
  {
    "name": "cp108",
    "filename": "cp108.png",
    "type": "GROUP"
  },
  {
    "name": "cp109",
    "filename": "cp109.png",
    "type": "GROUP"
  },
  {
    "name": "cp110",
    "filename": "cp110.png",
    "type": "GROUP"
  },
  {
    "name": "cp111",
    "filename": "cp111.png",
    "type": "GROUP"
  },
  {
    "name": "cp112",
    "filename": "cp112.png",
    "type": "GROUP"
  },
  {
    "name": "cp113",
    "filename": "cp113.png",
    "type": "GROUP"
  },
  {
    "name": "cp114",
    "filename": "cp114.png",
    "type": "GROUP"
  },
  {
    "name": "cp115",
    "filename": "cp115.png",
    "type": "GROUP"
  },
  {
    "name": "cp116",
    "filename": "cp116.png",
    "type": "GROUP"
  },
  {
    "name": "cp117",
    "filename": "cp117.png",
    "type": "GROUP"
  },
  {
    "name": "cp118",
    "filename": "cp118.png",
    "type": "GROUP"
  },
  {
    "name": "cp119",
    "filename": "cp119.png",
    "type": "GROUP"
  },
  {
    "name": "cp120",
    "filename": "cp120.png",
    "type": "GROUP"
  },
  {
    "name": "cp121",
    "filename": "cp121.png",
    "type": "GROUP"
  },
  {
    "name": "cp122",
    "filename": "cp122.png",
    "type": "GROUP"
  },
  {
    "name": "cp123",
    "filename": "cp123.png",
    "type": "GROUP"
  },
  {
    "name": "cp124",
    "filename": "cp124.png",
    "type": "GROUP"
  },
  {
    "name": "cp125",
    "filename": "cp125.png",
    "type": "GROUP"
  },
  {
    "name": "cp126",
    "filename": "cp126.png",
    "type": "GROUP"
  },
  {
    "name": "cp127",
    "filename": "cp127.png",
    "type": "GROUP"
  },
  {
    "name": "cp128",
    "filename": "cp128.png",
    "type": "GROUP"
  },
  {
    "name": "cp129",
    "filename": "cp129.png",
    "type": "GROUP"
  },
  {
    "name": "cp130",
    "filename": "cp130.png",
    "type": "GROUP"
  },
  {
    "name": "cp131",
    "filename": "cp131.png",
    "type": "GROUP"
  },
  {
    "name": "cp132",
    "filename": "cp132.png",
    "type": "GROUP"
  },
  {
    "name": "cp133",
    "filename": "cp133.png",
    "type": "GROUP"
  },
  {
    "name": "cp134",
    "filename": "cp134.png",
    "type": "GROUP"
  },
  {
    "name": "cp135",
    "filename": "cp135.png",
    "type": "GROUP"
  },
  {
    "name": "Group 11009",
    "filename": "group-11009.png",
    "type": "GROUP"
  },
  {
    "name": "Group 11010",
    "filename": "group-11010.png",
    "type": "GROUP"
  },
  {
    "name": "clip0_101_5474",
    "filename": "clip0-101-5474.png",
    "type": "GROUP"
  },
  {
    "name": "Group 11012",
    "filename": "group-11012.png",
    "type": "GROUP"
  },
  {
    "name": "Group 11011",
    "filename": "group-11011.png",
    "type": "GROUP"
  },
  {
    "name": "Group 10984",
    "filename": "group-10984.png",
    "type": "GROUP"
  },
  {
    "name": "Group 11013",
    "filename": "group-11013.png",
    "type": "GROUP"
  },
  {
    "name": "Group 11014",
    "filename": "group-11014.png",
    "type": "GROUP"
  },
  {
    "name": "Group 10985",
    "filename": "group-10985.png",
    "type": "GROUP"
  },
  {
    "name": "Group 11016",
    "filename": "group-11016.png",
    "type": "GROUP"
  },
  {
    "name": "Group 11015",
    "filename": "group-11015.png",
    "type": "GROUP"
  },
  {
    "name": "clip0_8374_546",
    "filename": "clip0-8374-546.png",
    "type": "GROUP"
  },
  {
    "name": "Group 11017",
    "filename": "group-11017.png",
    "type": "GROUP"
  },
  {
    "name": "Group 11019",
    "filename": "group-11019.png",
    "type": "GROUP"
  },
  {
    "name": "Group 11021",
    "filename": "group-11021.png",
    "type": "GROUP"
  },
  {
    "name": "Group 11020",
    "filename": "group-11020.png",
    "type": "GROUP"
  },
  {
    "name": "Group 10986",
    "filename": "group-10986.png",
    "type": "GROUP"
  },
  {
    "name": "Group 11023",
    "filename": "group-11023.png",
    "type": "GROUP"
  },
  {
    "name": "Group 11022",
    "filename": "group-11022.png",
    "type": "GROUP"
  },
  {
    "name": "Group 11025",
    "filename": "group-11025.png",
    "type": "GROUP"
  },
  {
    "name": "Group 11031",
    "filename": "group-11031.png",
    "type": "GROUP"
  },
  {
    "name": "clip0_67_1947",
    "filename": "clip0-67-1947.png",
    "type": "GROUP"
  },
  {
    "name": "clip1_67_1947",
    "filename": "clip1-67-1947.png",
    "type": "GROUP"
  },
  {
    "name": "clip2_67_1947",
    "filename": "clip2-67-1947.png",
    "type": "GROUP"
  },
  {
    "name": "clip3_67_1947",
    "filename": "clip3-67-1947.png",
    "type": "GROUP"
  },
  {
    "name": "clip4_67_1947",
    "filename": "clip4-67-1947.png",
    "type": "GROUP"
  },
  {
    "name": "clip5_67_1947",
    "filename": "clip5-67-1947.png",
    "type": "GROUP"
  },
  {
    "name": "Group 11030",
    "filename": "group-11030.png",
    "type": "GROUP"
  },
  {
    "name": "clip6_67_1947",
    "filename": "clip6-67-1947.png",
    "type": "GROUP"
  },
  {
    "name": "clip7_67_1947",
    "filename": "clip7-67-1947.png",
    "type": "GROUP"
  },
  {
    "name": "clip8_67_1947",
    "filename": "clip8-67-1947.png",
    "type": "GROUP"
  },
  {
    "name": "Group 11032",
    "filename": "group-11032.png",
    "type": "GROUP"
  },
  {
    "name": "Group 10991",
    "filename": "group-10991.png",
    "type": "GROUP"
  },
  {
    "name": "Group 10989",
    "filename": "group-10989.png",
    "type": "GROUP"
  },
  {
    "name": "Group 10990",
    "filename": "group-10990.png",
    "type": "GROUP"
  },
  {
    "name": "🟢 Other Banks / Outros Bancos",
    "filename": "other-banks-outros-bancos.png",
    "type": "FRAME"
  },
  {
    "name": "Outros Bancos",
    "filename": "outros-bancos.png",
    "type": "FRAME"
  },
  {
    "name": "clip0_1657_683",
    "filename": "clip0-1657-683.png",
    "type": "GROUP"
  },
  {
    "name": "Group 10811",
    "filename": "group-10811.png",
    "type": "GROUP"
  },
  {
    "name": "Group 10813",
    "filename": "group-10813.png",
    "type": "GROUP"
  },
  {
    "name": "Group 10792",
    "filename": "group-10792.png",
    "type": "GROUP"
  },
  {
    "name": "Group 10814",
    "filename": "group-10814.png",
    "type": "GROUP"
  },
  {
    "name": "g1617",
    "filename": "g1617.png",
    "type": "GROUP"
  },
  {
    "name": "clip-path",
    "filename": "clip-path.png",
    "type": "GROUP"
  },
  {
    "name": "g44",
    "filename": "g44.png",
    "type": "GROUP"
  },
  {
    "name": "clip-path-2",
    "filename": "clip-path-2.png",
    "type": "GROUP"
  },
  {
    "name": "g48",
    "filename": "g48.png",
    "type": "GROUP"
  },
  {
    "name": "clip-path-3",
    "filename": "clip-path-3.png",
    "type": "GROUP"
  },
  {
    "name": "Group 10804",
    "filename": "group-10804.png",
    "type": "GROUP"
  },
  {
    "name": "Logo-PB-Copy-21",
    "filename": "logo-pb-copy-21.png",
    "type": "GROUP"
  },
  {
    "name": "clip0_1363_49204",
    "filename": "clip0-1363-49204.png",
    "type": "GROUP"
  },
  {
    "name": "Group 10806",
    "filename": "group-10806.png",
    "type": "GROUP"
  },
  {
    "name": "Group 10808",
    "filename": "group-10808.png",
    "type": "GROUP"
  },
  {
    "name": "logo-digio",
    "filename": "logo-digio.png",
    "type": "GROUP"
  },
  {
    "name": "Grupo 4320",
    "filename": "grupo-4320.png",
    "type": "GROUP"
  },
  {
    "name": "Grupo 4140",
    "filename": "grupo-4140.png",
    "type": "GROUP"
  },
  {
    "name": "Grupo 4141",
    "filename": "grupo-4141.png",
    "type": "GROUP"
  },
  {
    "name": "Group 10842",
    "filename": "group-10842.png",
    "type": "GROUP"
  },
  {
    "name": "banco-alfa (1) 1",
    "filename": "banco-alfa-1-1.png",
    "type": "FRAME"
  },
  {
    "name": "Group 10825",
    "filename": "group-10825.png",
    "type": "GROUP"
  },
  {
    "name": "Group 10826",
    "filename": "group-10826.png",
    "type": "GROUP"
  },
  {
    "name": "Group 10839",
    "filename": "group-10839.png",
    "type": "GROUP"
  },
  {
    "name": "Group 10815",
    "filename": "group-10815.png",
    "type": "GROUP"
  },
  {
    "name": "Group 10816",
    "filename": "group-10816.png",
    "type": "GROUP"
  },
  {
    "name": "g489",
    "filename": "g489.png",
    "type": "GROUP"
  },
  {
    "name": "g1241",
    "filename": "g1241.png",
    "type": "GROUP"
  },
  {
    "name": "Group 10887",
    "filename": "group-10887.png",
    "type": "GROUP"
  },
  {
    "name": "Group 10895",
    "filename": "group-10895.png",
    "type": "GROUP"
  },
  {
    "name": "Group 10889",
    "filename": "group-10889.png",
    "type": "GROUP"
  },
  {
    "name": "Group 10913",
    "filename": "group-10913.png",
    "type": "GROUP"
  },
  {
    "name": "Frame 2",
    "filename": "frame-2.png",
    "type": "FRAME"
  },
  {
    "name": "Group 10888",
    "filename": "group-10888.png",
    "type": "GROUP"
  },
  {
    "name": "Group 10910",
    "filename": "group-10910.png",
    "type": "GROUP"
  },
  {
    "name": "Players Bank",
    "filename": "players-bank.png",
    "type": "GROUP"
  },
  {
    "name": "Group 10896",
    "filename": "group-10896.png",
    "type": "GROUP"
  },
  {
    "name": "clip0_711_1278",
    "filename": "clip0-711-1278.png",
    "type": "GROUP"
  },
  {
    "name": "Group 10897",
    "filename": "group-10897.png",
    "type": "GROUP"
  },
  {
    "name": "Group 10911",
    "filename": "group-10911.png",
    "type": "GROUP"
  },
  {
    "name": "Group 10898",
    "filename": "group-10898.png",
    "type": "GROUP"
  },
  {
    "name": "Group 10915",
    "filename": "group-10915.png",
    "type": "GROUP"
  },
  {
    "name": "cargill-logo 1",
    "filename": "cargill-logo-1.png",
    "type": "FRAME"
  },
  {
    "name": "g11",
    "filename": "g11.png",
    "type": "GROUP"
  },
  {
    "name": "Group 10916",
    "filename": "group-10916.png",
    "type": "GROUP"
  },
  {
    "name": "Group 10901",
    "filename": "group-10901.png",
    "type": "GROUP"
  },
  {
    "name": "Group 10923",
    "filename": "group-10923.png",
    "type": "GROUP"
  },
  {
    "name": "Group 10902",
    "filename": "group-10902.png",
    "type": "GROUP"
  },
  {
    "name": "svg72",
    "filename": "svg72.png",
    "type": "FRAME"
  },
  {
    "name": "g210",
    "filename": "g210.png",
    "type": "GROUP"
  },
  {
    "name": "Group 10924",
    "filename": "group-10924.png",
    "type": "GROUP"
  },
  {
    "name": "clip0_1646_23636",
    "filename": "clip0-1646-23636.png",
    "type": "GROUP"
  },
  {
    "name": "Group 10925",
    "filename": "group-10925.png",
    "type": "GROUP"
  },
  {
    "name": "Group 10903",
    "filename": "group-10903.png",
    "type": "GROUP"
  },
  {
    "name": "Group 10926",
    "filename": "group-10926.png",
    "type": "GROUP"
  },
  {
    "name": "Group 10894",
    "filename": "group-10894.png",
    "type": "GROUP"
  },
  {
    "name": "Group 10905",
    "filename": "group-10905.png",
    "type": "GROUP"
  },
  {
    "name": "SVGID_4_",
    "filename": "svgid-4.png",
    "type": "GROUP"
  },
  {
    "name": "Group 10919",
    "filename": "group-10919.png",
    "type": "GROUP"
  },
  {
    "name": "Capa_1",
    "filename": "capa-1.png",
    "type": "FRAME"
  },
  {
    "name": "SVGID_00000122713854611671236280000016344005489999175597_",
    "filename": "svgid-00000122713854611671236280000016344005489999175597.png",
    "type": "GROUP"
  },
  {
    "name": "Grupo_215",
    "filename": "grupo-215.png",
    "type": "GROUP"
  }
]